country_name,election_date,party_name_short,vote_share,Populist,Far right,Far left,Eurosceptic
Austria,1999-10-03,SPO,33.20,False,False,False,False
Austria,1999-10-03,FPO,26.90,True,True,False,True
Austria,1999-10-03,OVP,26.90,False,False,False,False
Austria,1999-10-03,Gruene,7.40,False,False,False,False
Austria,1999-10-03,LIF,3.70,False,False,False,False
Austria,1999-10-03,DU,1.00,False,False,False,False
Austria,2002-11-24,OVP,42.30,False,False,False,False
Austria,2002-11-24,SPO,36.51,False,False,False,False
Austria,2002-11-24,FPO,10.01,True,True,False,True
Austria,2002-11-24,Gruene,9.47,False,False,False,False
Austria,2002-11-24,LIF,0.98,False,False,False,False
Austria,2006-10-01,SPO,35.30,False,False,False,False
Austria,2006-10-01,OVP,34.30,False,False,False,False
Austria,2006-10-01,Gruene,11.10,False,False,False,False
Austria,2006-10-01,FPO,11.00,True,True,False,True
Austria,2006-10-01,BZO,4.10,True,True,False,True
Austria,2006-10-01,Martin,2.80,True,False,False,True
Austria,2006-10-01,KPO,1.00,False,False,False,False
Austria,2008-09-28,SPO,29.26,False,False,False,False
Austria,2008-09-28,OVP,25.98,False,False,False,False
Austria,2008-09-28,FPO,17.54,True,True,False,True
Austria,2008-09-28,BZO,10.70,True,True,False,True
Austria,2008-09-28,Gruene,10.43,False,False,False,False
Austria,2008-09-28,LIF,2.09,False,False,False,False
Austria,2008-09-28,Fritz,1.76,False,False,False,False
Austria,2013-09-29,SPO,26.80,False,False,False,False
Austria,2013-09-29,OVP,24.00,False,False,False,False
Austria,2013-09-29,FPO,20.50,True,True,False,True
Austria,2013-09-29,Gruene,12.40,False,False,False,False
Austria,2013-09-29,TS,5.70,True,False,False,True
Austria,2013-09-29,NEOS,5.00,False,False,False,False
Austria,2013-09-29,BZO,3.50,True,True,False,True
Austria,2013-09-29,KPO,1.00,False,False,False,False
Austria,2017-10-15,OVP,31.50,False,False,False,False
Austria,2017-10-15,SPO,26.90,False,False,False,False
Austria,2017-10-15,FPO,26.00,True,True,False,True
Austria,2017-10-15,NEOS,5.30,False,False,False,False
Austria,2017-10-15,PILZ,4.40,False,False,False,False
Austria,2017-10-15,Gruene,3.80,False,False,False,False
Austria,2017-10-15,GILT,1.00,False,False,False,False
Belgium,1999-06-13,PVV|VLD,14.30,False,False,False,False
Belgium,1999-06-13,CVP,14.09,False,False,False,False
Belgium,1999-06-13,PS,10.16,False,False,False,False
Belgium,1999-06-13,PRL,10.14,False,False,False,False
Belgium,1999-06-13,VB,9.87,True,True,False,True
Belgium,1999-06-13,SP,9.55,False,False,False,False
Belgium,1999-06-13,Ecolo,7.30,False,False,False,False
Belgium,1999-06-13,AGL-Gr,6.99,False,False,False,False
Belgium,1999-06-13,PSC-CDH,5.88,False,False,False,False
Belgium,1999-06-13,VU,5.56,False,False,False,False
Belgium,1999-06-13,V,2.10,False,False,False,False
Belgium,1999-06-13,FN,1.45,True,True,False,True
Belgium,2003-05-18,PVV|VLD,15.36,False,False,False,False
Belgium,2003-05-18,SPa+Spi,14.91,False,False,False,False
Belgium,2003-05-18,CVP,13.25,False,False,False,False
Belgium,2003-05-18,PS,13.02,False,False,False,False
Belgium,2003-05-18,VB,11.59,True,True,False,True
Belgium,2003-05-18,MR,11.40,False,False,False,False
Belgium,2003-05-18,PSC-CDH,5.47,False,False,False,False
Belgium,2003-05-18,Ecolo,3.06,False,False,False,False
Belgium,2003-05-18,N-VA,3.06,False,False,False,False
Belgium,2003-05-18,AGL-Gr,2.47,False,False,False,False
Belgium,2003-05-18,FN,1.98,True,True,False,True
Belgium,2007-06-10,CD+NVA,18.50,False,False,False,False
Belgium,2007-06-10,MR,12.50,False,False,False,False
Belgium,2007-06-10,VB,12.00,True,True,False,True
Belgium,2007-06-10,PVV|VLD,11.83,False,False,False,False
Belgium,2007-06-10,PS,10.86,False,False,False,False
Belgium,2007-06-10,SPa+Spi,10.26,False,False,False,False
Belgium,2007-06-10,PSC-CDH,6.10,False,False,False,False
Belgium,2007-06-10,Ecolo,5.10,False,False,False,False
Belgium,2007-06-10,LD|LDD,4.03,True,False,False,False
Belgium,2007-06-10,AGL-Gr,3.98,False,False,False,False
Belgium,2007-06-10,FN,2.00,True,True,False,True
Belgium,2007-06-10,PA-PTB,0.84,False,False,True,True
Belgium,2010-06-13,N-VA,17.40,False,False,False,False
Belgium,2010-06-13,PS,13.70,False,False,False,False
Belgium,2010-06-13,CVP,10.85,False,False,False,False
Belgium,2010-06-13,MR,9.28,False,False,False,False
Belgium,2010-06-13,SP,9.24,False,False,False,False
Belgium,2010-06-13,PVV|VLD,8.64,False,False,False,False
Belgium,2010-06-13,VB,7.76,True,True,False,True
Belgium,2010-06-13,PSC-CDH,5.52,False,False,False,False
Belgium,2010-06-13,Ecolo,4.80,False,False,False,False
Belgium,2010-06-13,AGL-Gr,4.38,False,False,False,False
Belgium,2010-06-13,LD|LDD,2.31,True,False,False,False
Belgium,2010-06-13,PA-PTB,1.55,False,False,True,True
Belgium,2010-06-13,Pp,1.29,False,False,False,False
Belgium,2014-05-25,N-VA,20.26,False,False,False,False
Belgium,2014-05-25,PS,11.67,False,False,False,False
Belgium,2014-05-25,CVP,11.61,False,False,False,False
Belgium,2014-05-25,PVV|VLD,9.78,False,False,False,False
Belgium,2014-05-25,MR,9.64,False,False,False,False
Belgium,2014-05-25,SP,8.83,False,False,False,False
Belgium,2014-05-25,AGL-Gr,5.32,False,False,False,False
Belgium,2014-05-25,PSC-CDH,4.98,False,False,False,False
Belgium,2014-05-25,PA-PTB,3.72,False,False,True,True
Belgium,2014-05-25,VB,3.67,True,True,False,True
Belgium,2014-05-25,Ecolo,3.30,False,False,False,False
Belgium,2014-05-25,FDF,1.80,False,False,False,False
Belgium,2014-05-25,Pp,1.52,False,False,False,False
Belgium,2014-05-25,DLB,0.86,False,False,False,False
Bulgaria,2001-06-18,NDSV,42.74,True,False,False,False
Bulgaria,2001-06-18,ODS,18.18,False,False,False,False
Bulgaria,2001-06-18,KzB|DL,17.15,False,False,False,False
Bulgaria,2001-06-18,DPS,7.45,False,False,False,False
Bulgaria,2001-06-18,DG,3.63,False,False,False,False
Bulgaria,2001-06-18,KSII,3.44,False,False,False,False
Bulgaria,2001-06-18,OT-SII,1.70,False,False,False,False
Bulgaria,2005-06-25,KzB|DL,30.95,False,False,False,False
Bulgaria,2005-06-25,NDSV,19.88,True,False,False,False
Bulgaria,2005-06-25,DPS,12.81,False,False,False,False
Bulgaria,2005-06-25,Ataka,8.14,True,True,False,True
Bulgaria,2005-06-25,ODS,7.68,False,False,False,False
Bulgaria,2005-06-25,DSB,6.44,False,False,False,False
Bulgaria,2005-06-25,BNS,5.19,False,False,False,False
Bulgaria,2005-06-25,NV,2.95,False,False,False,False
Bulgaria,2005-06-25,KR,1.30,False,False,False,False
Bulgaria,2005-06-25,ER,1.25,False,False,False,False
Bulgaria,2009-07-05,GERB,39.72,True,False,False,False
Bulgaria,2009-07-05,KzB|DL,17.70,False,False,False,False
Bulgaria,2009-07-05,DPS,14.45,False,False,False,False
Bulgaria,2009-07-05,Ataka,9.36,True,True,False,True
Bulgaria,2009-07-05,SK,6.76,False,False,False,False
Bulgaria,2009-07-05,RZS,4.13,True,True,False,False
Bulgaria,2009-07-05,Lider,3.26,False,False,False,False
Bulgaria,2009-07-05,NDSV,3.02,True,False,False,False
Bulgaria,2013-05-12,GERB,30.54,True,False,False,False
Bulgaria,2013-05-12,KzB|DL,26.61,False,False,False,False
Bulgaria,2013-05-12,DPS,11.31,False,False,False,False
Bulgaria,2013-05-12,Ataka,7.30,True,True,False,True
Bulgaria,2013-05-12,NFSB,3.70,True,True,False,True
Bulgaria,2013-05-12,BNG,3.25,False,False,False,False
Bulgaria,2013-05-12,DSB,2.93,False,False,False,False
Bulgaria,2013-05-12,VMRO,1.89,False,True,False,True
Bulgaria,2013-05-12,Lider,1.74,False,False,False,False
Bulgaria,2013-05-12,RZS,1.67,True,True,False,False
Bulgaria,2013-05-12,CSD,1.63,False,False,False,False
Bulgaria,2013-05-12,SDS,1.37,False,False,False,False
Bulgaria,2013-05-12,GN,1.34,False,False,False,False
Bulgaria,2014-10-05,GERB,32.67,True,False,False,False
Bulgaria,2014-10-05,KzB|DL,15.40,False,False,False,False
Bulgaria,2014-10-05,DPS,14.84,False,False,False,False
Bulgaria,2014-10-05,RB,8.89,False,False,False,False
Bulgaria,2014-10-05,NFSB,7.28,True,True,False,True
Bulgaria,2014-10-05,BBZ,5.69,True,False,False,True
Bulgaria,2014-10-05,Ataka,4.52,True,True,False,True
Bulgaria,2014-10-05,ABV,4.15,False,False,False,False
Bulgaria,2014-10-05,D21,1.19,False,False,False,False
Bulgaria,2014-10-05,GN,1.14,False,False,False,False
Bulgaria,2017-03-26,GERB,33.54,True,False,False,False
Bulgaria,2017-03-26,KzB|DL,27.93,False,False,False,False
Bulgaria,2017-03-26,NFSB,9.31,True,True,False,True
Bulgaria,2017-03-26,DPS,9.24,False,False,False,False
Bulgaria,2017-03-26,Volya,4.26,False,False,False,False
Bulgaria,2017-03-26,RB,3.14,False,False,False,False
Bulgaria,2017-03-26,DB,2.96,False,False,False,False
Bulgaria,2017-03-26,DOST,2.94,False,False,False,False
Bulgaria,2017-03-26,DSB,2.54,False,False,False,False
Bulgaria,2017-03-26,ABV,1.59,False,False,False,False
Bulgaria,2017-03-26,R,1.11,False,False,False,False
Croatia,2000-01-03,SPH,40.80,False,False,False,False
Croatia,2000-01-03,HDZ,24.40,False,False,False,False
Croatia,2000-01-03,HSS,15.60,False,False,False,False
Croatia,2000-01-03,HSP,5.30,False,True,False,True
Croatia,2000-01-03,HSU,1.90,False,False,False,False
Croatia,2000-01-03,HSNS,1.40,False,False,False,False
Croatia,2000-01-03,HPS,1.40,False,False,False,False
Croatia,2000-01-03,HSP-1861,1.10,False,False,False,False
Croatia,2000-01-03,none,0.70,False,False,False,False
Croatia,2003-11-23,HDZ,33.20,False,False,False,False
Croatia,2003-11-23,SPH,23.30,False,False,False,False
Croatia,2003-11-23,HNS,8.30,False,False,False,False
Croatia,2003-11-23,HSS,7.30,False,False,False,False
Croatia,2003-11-23,HSP,6.50,False,True,False,True
Croatia,2003-11-23,HSLS,4.10,False,False,False,False
Croatia,2003-11-23,HSU,4.10,False,False,False,False
Croatia,2003-11-23,none,2.30,False,False,False,False
Croatia,2003-11-23,HB,1.30,False,False,False,False
Croatia,2003-11-23,HDSS,1.00,False,False,False,False
Croatia,2007-11-25,HDZ,35.90,False,False,False,False
Croatia,2007-11-25,SPH,30.80,False,False,False,False
Croatia,2007-11-25,HNS,6.70,False,False,False,False
Croatia,2007-11-25,HSS,6.40,False,False,False,False
Croatia,2007-11-25,HSU,4.00,False,False,False,False
Croatia,2007-11-25,HSP,3.40,False,True,False,True
Croatia,2007-11-25,HDSSB,1.80,True,True,False,False
Croatia,2007-11-25,IDS,1.50,False,False,False,False
Croatia,2007-11-25,SDSS,1.50,False,False,False,False
Croatia,2011-12-04,SPH,41.08,False,False,False,False
Croatia,2011-12-04,HDZ,23.50,False,False,False,False
Croatia,2011-12-04,CL-LP,4.19,True,False,True,False
Croatia,2011-12-04,HSLS,3.00,False,False,False,False
Croatia,2011-12-04,HSP,3.00,False,True,False,True
Croatia,2011-12-04,HDSSB,2.96,True,True,False,False
Croatia,2011-12-04,PGS,2.80,False,False,False,False
Croatia,2011-12-04,I-IG,1.25,False,False,False,False
Croatia,2011-12-04,HSS,0.64,False,False,False,False
Croatia,2011-12-04,HSP-AS,0.64,False,False,False,False
Croatia,2015-11-08,HDZ,34.08,False,False,False,False
Croatia,2015-11-08,SPH,32.83,False,False,False,False
Croatia,2015-11-08,Most,13.42,True,False,False,False
Croatia,2015-11-08,ZiZi,4.19,True,False,False,True
Croatia,2015-11-08,MB,3.34,False,False,False,False
Croatia,2015-11-08,IDS,1.86,False,False,False,False
Croatia,2015-11-08,ORaH,1.73,False,False,False,False
Croatia,2015-11-08,ethnic,1.66,False,False,False,False
Croatia,2015-11-08,NS,1.54,False,False,False,False
Croatia,2015-11-08,HDSSB,1.35,False,False,False,False
Croatia,2016-09-11,HDZ,35.17,False,False,False,False
Croatia,2016-09-11,SPH,32.18,False,False,False,False
Croatia,2016-09-11,Most,9.43,True,False,False,False
Croatia,2016-09-11,ZiZi,5.92,True,False,False,True
Croatia,2016-09-11,MB,3.84,False,False,False,False
Croatia,2016-09-11,IDS,2.18,False,False,False,False
Croatia,2016-09-11,ethnic,1.92,False,False,False,False
Croatia,2016-09-11,HDSSB,1.19,False,False,False,False
Croatia,2016-09-11,one-seat,0.26,False,False,False,False
Cyprus,2001-05-27,AKEL,34.70,False,False,True,True
Cyprus,2001-05-27,DISY,34.00,False,False,False,False
Cyprus,2001-05-27,DIKO,14.80,False,False,False,False
Cyprus,2001-05-27,EDEK,6.50,False,False,False,False
Cyprus,2001-05-27,NO,3.00,False,False,False,False
Cyprus,2001-05-27,ED,2.60,False,False,False,False
Cyprus,2001-05-27,ADK,2.20,False,False,False,False
Cyprus,2001-05-27,KOP,2.00,False,False,False,False
Cyprus,2006-05-21,AKEL,31.13,False,False,True,True
Cyprus,2006-05-21,DISY,30.34,False,False,False,False
Cyprus,2006-05-21,DIKO,17.92,False,False,False,False
Cyprus,2006-05-21,EDEK,8.91,False,False,False,False
Cyprus,2006-05-21,EK,5.75,False,False,False,False
Cyprus,2006-05-21,KOP,1.95,False,False,False,False
Cyprus,2006-05-21,ED,1.56,False,False,False,False
Cyprus,2006-05-21,KEP,1.22,False,False,False,False
Cyprus,2011-05-22,DISY,34.28,False,False,False,False
Cyprus,2011-05-22,AKEL,32.67,False,False,True,True
Cyprus,2011-05-22,DIKO,15.76,False,False,False,False
Cyprus,2011-05-22,EDEK,8.93,False,False,False,False
Cyprus,2011-05-22,EK,3.88,False,False,False,False
Cyprus,2011-05-22,KOP,2.21,False,False,False,False
Cyprus,2011-05-22,ELAM,1.08,False,True,False,True
Cyprus,2016-05-22,DISY,30.69,False,False,False,False
Cyprus,2016-05-22,AKEL,25.67,False,False,True,True
Cyprus,2016-05-22,DIKO,14.49,False,False,False,False
Cyprus,2016-05-22,EDEK,6.18,False,False,False,False
Cyprus,2016-05-22,SYM,6.01,True,False,True,True
Cyprus,2016-05-22,KINHMA,5.24,False,False,False,False
Cyprus,2016-05-22,KOP,4.81,False,False,False,False
Cyprus,2016-05-22,ELAM,3.71,False,True,False,True
Cyprus,2016-05-22,KGTZTK,1.16,False,False,False,False
Czech Republic,1998-06-20,CSSD,32.31,False,False,False,False
Czech Republic,1998-06-20,ODS,27.74,False,False,False,False
Czech Republic,1998-06-20,KSCM,11.03,False,False,True,True
Czech Republic,1998-06-20,KDU-CSL,9.00,False,False,False,False
Czech Republic,1998-06-20,US,8.60,False,False,False,False
Czech Republic,1998-06-20,SPR-RSC,3.90,True,True,False,True
Czech Republic,1998-06-20,DZJ,3.06,False,False,False,False
Czech Republic,1998-06-20,DU,1.45,False,False,False,False
Czech Republic,1998-06-20,SZ,1.12,False,False,False,False
Czech Republic,2002-06-15,CSSD,30.20,False,False,False,False
Czech Republic,2002-06-15,ODS,24.47,False,False,False,False
Czech Republic,2002-06-15,KSCM,18.51,False,False,True,True
Czech Republic,2002-06-15,KDU-CSL,14.27,False,False,False,False
Czech Republic,2002-06-15,SNK-ED,2.78,False,False,False,False
Czech Republic,2002-06-15,SZ,2.36,False,False,False,False
Czech Republic,2006-06-03,ODS,35.38,False,False,False,False
Czech Republic,2006-06-03,CSSD,32.32,False,False,False,False
Czech Republic,2006-06-03,KSCM,12.81,False,False,True,True
Czech Republic,2006-06-03,KDU-CSL,7.22,False,False,False,False
Czech Republic,2006-06-03,SZ,6.29,False,False,False,False
Czech Republic,2006-06-03,SNK-ED,2.08,False,False,False,False
Czech Republic,2010-05-29,CSSD,22.08,False,False,False,False
Czech Republic,2010-05-29,ODS,20.22,False,False,False,False
Czech Republic,2010-05-29,TOP09,16.70,False,False,False,False
Czech Republic,2010-05-29,KSCM,11.27,False,False,True,True
Czech Republic,2010-05-29,VV,10.88,True,False,False,False
Czech Republic,2010-05-29,KDU-CSL,4.39,False,False,False,False
Czech Republic,2010-05-29,SPOZ,4.33,False,False,False,False
Czech Republic,2010-05-29,S-JB,3.67,True,False,False,True
Czech Republic,2010-05-29,SZ,2.44,False,False,False,False
Czech Republic,2010-05-29,DSSS,1.14,False,False,False,False
Czech Republic,2013-10-25,CSSD,20.45,False,False,False,False
Czech Republic,2013-10-25,ANO,18.65,True,False,False,False
Czech Republic,2013-10-25,KSCM,14.91,False,False,True,True
Czech Republic,2013-10-25,TOP09,11.99,False,False,False,False
Czech Republic,2013-10-25,ODS,7.72,False,False,False,False
Czech Republic,2013-10-25,UPD,6.88,True,True,False,True
Czech Republic,2013-10-25,KDU-CSL,6.78,False,False,False,False
Czech Republic,2013-10-25,SZ,3.19,False,False,False,False
Czech Republic,2013-10-25,Pi,2.66,False,False,False,False
Czech Republic,2013-10-25,SSO,2.46,False,False,False,True
Czech Republic,2013-10-25,SPOZ,1.51,False,False,False,False
Czech Republic,2017-10-21,ANO,29.64,True,False,False,False
Czech Republic,2017-10-21,ODS,11.32,False,False,False,False
Czech Republic,2017-10-21,Pi,10.79,False,False,False,False
Czech Republic,2017-10-21,SPD,10.64,True,True,False,True
Czech Republic,2017-10-21,KSCM,7.76,False,False,True,True
Czech Republic,2017-10-21,CSSD,7.27,False,False,False,False
Czech Republic,2017-10-21,KDU-CSL,5.80,False,False,False,False
Czech Republic,2017-10-21,TOP09,5.31,False,False,False,False
Czech Republic,2017-10-21,STAN,5.18,False,False,False,False
Czech Republic,2017-10-21,SSO,1.56,False,False,False,True
Czech Republic,2017-10-21,SZ,1.46,False,False,False,False
Denmark,1998-03-11,Sd,35.90,False,False,False,False
Denmark,1998-03-11,V,24.00,False,False,False,False
Denmark,1998-03-11,KF,8.90,False,False,False,False
Denmark,1998-03-11,SF,7.60,False,False,True,False
Denmark,1998-03-11,DF,7.40,True,True,False,True
Denmark,1998-03-11,CD,4.30,False,False,False,False
Denmark,1998-03-11,RV,3.90,False,False,False,False
Denmark,1998-03-11,En-O,2.70,False,False,True,True
Denmark,1998-03-11,KrF,2.50,False,False,False,False
Denmark,1998-03-11,FrP,2.40,True,True,False,True
Denmark,1998-03-11,no-seat,0.30,False,False,False,False
Denmark,2001-11-20,V,31.20,False,False,False,False
Denmark,2001-11-20,Sd,29.10,False,False,False,False
Denmark,2001-11-20,DF,12.00,True,True,False,True
Denmark,2001-11-20,KF,9.10,False,False,False,False
Denmark,2001-11-20,SF,6.40,False,False,True,False
Denmark,2001-11-20,RV,5.20,False,False,False,False
Denmark,2001-11-20,En-O,2.40,False,False,True,True
Denmark,2001-11-20,KrF,2.30,False,False,False,False
Denmark,2001-11-20,CD,1.80,False,False,False,False
Denmark,2001-11-20,FrP,0.50,True,True,False,True
Denmark,2005-02-08,V,29.00,False,False,False,False
Denmark,2005-02-08,Sd,25.80,False,False,False,False
Denmark,2005-02-08,DF,13.30,True,True,False,True
Denmark,2005-02-08,KF,10.30,False,False,False,False
Denmark,2005-02-08,RV,9.20,False,False,False,False
Denmark,2005-02-08,SF,6.00,False,False,True,False
Denmark,2005-02-08,En-O,3.40,False,False,True,True
Denmark,2005-02-08,KrF,1.70,False,False,False,False
Denmark,2005-02-08,CD,1.00,False,False,False,False
Denmark,2007-11-13,V,26.20,False,False,False,False
Denmark,2007-11-13,Sd,25.50,False,False,False,False
Denmark,2007-11-13,DF,13.90,True,True,False,True
Denmark,2007-11-13,SF,13.00,False,False,True,False
Denmark,2007-11-13,KF,10.40,False,False,False,False
Denmark,2007-11-13,RV,5.10,False,False,False,False
Denmark,2007-11-13,NLA,2.80,False,False,False,False
Denmark,2007-11-13,En-O,2.20,False,False,True,True
Denmark,2007-11-13,KrF,0.90,False,False,False,False
Denmark,2011-09-15,V,26.41,False,False,False,False
Denmark,2011-09-15,Sd,24.51,False,False,False,False
Denmark,2011-09-15,DF,12.17,True,True,False,True
Denmark,2011-09-15,RV,9.38,False,False,False,False
Denmark,2011-09-15,SF,9.09,False,False,True,False
Denmark,2011-09-15,En-O,6.60,False,False,True,True
Denmark,2011-09-15,NLA,4.92,False,False,False,False
Denmark,2011-09-15,KF,4.88,False,False,False,False
Denmark,2011-09-15,KrF,0.78,False,False,False,False
Denmark,2015-06-18,Sd,25.66,False,False,False,False
Denmark,2015-06-18,DF,20.58,True,True,False,True
Denmark,2015-06-18,V,19.01,False,False,False,False
Denmark,2015-06-18,En-O,7.62,False,False,True,True
Denmark,2015-06-18,NLA,7.36,False,False,False,False
Denmark,2015-06-18,A,4.68,False,False,False,False
Denmark,2015-06-18,RV,4.47,False,False,False,False
Denmark,2015-06-18,SF,4.09,False,False,True,False
Denmark,2015-06-18,KF,3.27,False,False,False,False
Denmark,2015-06-18,KrF,0.81,False,False,False,False
Denmark,2015-06-18,Si,0.22,False,False,False,False
Denmark,2015-06-18,IA,0.22,False,False,False,False
Denmark,2015-06-18,Jf,0.16,False,False,False,False
Denmark,2015-06-18,T,0.16,False,False,False,False
Estonia,1999-03-07,EK,23.41,False,False,False,False
Estonia,1999-03-07,I,16.09,False,False,False,False
Estonia,1999-03-07,ERe,15.92,False,False,False,False
Estonia,1999-03-07,SDE|M,15.21,False,False,False,False
Estonia,1999-03-07,EKK,7.58,False,False,False,False
Estonia,1999-03-07,ERa,7.27,False,False,False,False
Estonia,1999-03-07,K-EUR,6.13,False,False,False,False
Estonia,1999-03-07,EKD,2.43,False,False,False,False
Estonia,1999-03-07,VEE,2.03,False,False,False,False
Estonia,1999-03-07,ESE-D,1.60,False,False,False,False
Estonia,2003-03-02,EK,25.40,False,False,False,False
Estonia,2003-03-02,ERP,24.60,True,False,False,False
Estonia,2003-03-02,ERe,17.70,False,False,False,False
Estonia,2003-03-02,ERa,13.00,False,False,False,False
Estonia,2003-03-02,I,7.30,False,False,False,False
Estonia,2003-03-02,SDE|M,7.00,False,False,False,False
Estonia,2003-03-02,K-EUR,2.20,False,False,False,False
Estonia,2003-03-02,EKD,1.10,False,False,False,False
Estonia,2007-03-04,ERe,27.80,False,False,False,False
Estonia,2007-03-04,EK,26.10,False,False,False,False
Estonia,2007-03-04,IRL,17.90,False,False,False,False
Estonia,2007-03-04,SDE|M,10.60,False,False,False,False
Estonia,2007-03-04,ERa,7.10,False,False,False,False
Estonia,2007-03-04,EER,7.10,False,False,False,False
Estonia,2007-03-04,EKD,1.70,False,False,False,False
Estonia,2007-03-04,K-EUR,1.00,False,False,False,False
Estonia,2011-03-06,ERe,28.60,False,False,False,False
Estonia,2011-03-06,EK,23.30,False,False,False,False
Estonia,2011-03-06,IRL,20.50,False,False,False,False
Estonia,2011-03-06,SDE|M,17.10,False,False,False,False
Estonia,2011-03-06,EER,3.80,False,False,False,False
Estonia,2011-03-06,ERa,2.10,False,False,False,False
Estonia,2015-03-01,ERe,27.69,False,False,False,False
Estonia,2015-03-01,EK,24.81,False,False,False,False
Estonia,2015-03-01,SDE|M,15.19,False,False,False,False
Estonia,2015-03-01,IRL,13.71,False,False,False,False
Estonia,2015-03-01,EV,8.69,False,False,False,False
Estonia,2015-03-01,ERa,8.15,True,True,False,True
Estonia,2015-03-01,EER,0.90,False,False,False,False
Estonia,2019-03-03,ERe,28.90,False,False,False,False
Estonia,2019-03-03,EK,23.10,False,False,False,False
Estonia,2019-03-03,EKRE,17.80,True,True,False,True
Estonia,2019-03-03,IRL,11.40,False,False,False,False
Estonia,2019-03-03,SDE|M,9.80,False,False,False,False
Estonia,2019-03-03,Eesti 200,4.40,False,False,False,False
Estonia,2019-03-03,EER,1.80,False,False,False,False
Estonia,2019-03-03,EV,1.20,False,False,False,False
Estonia,2019-03-03,EE,1.20,False,False,False,False
Finland,1999-03-21,SSDP,22.90,False,False,False,False
Finland,1999-03-21,KESK,22.40,False,False,False,False
Finland,1999-03-21,KOK,21.00,False,False,False,False
Finland,1999-03-21,DL|VAS,10.90,False,False,True,True
Finland,1999-03-21,VIHR,7.30,False,False,False,False
Finland,1999-03-21,RKP-SFP,5.10,False,False,False,False
Finland,1999-03-21,KD,4.20,False,False,False,False
Finland,1999-03-21,Rt,1.10,False,False,False,False
Finland,1999-03-21,SP|P,1.00,True,True,False,True
Finland,1999-03-21,NSP,1.00,False,False,False,False
Finland,1999-03-21,AS,0.40,False,False,False,False
Finland,2003-03-16,KESK,24.70,False,False,False,False
Finland,2003-03-16,SSDP,24.50,False,False,False,False
Finland,2003-03-16,KOK,18.60,False,False,False,False
Finland,2003-03-16,DL|VAS,9.90,False,False,True,True
Finland,2003-03-16,VIHR,8.00,False,False,False,False
Finland,2003-03-16,KD,5.30,False,False,False,False
Finland,2003-03-16,RKP-SFP,4.60,False,False,False,False
Finland,2003-03-16,SP|P,1.60,True,True,False,True
Finland,2003-03-16,SKP-Y,0.80,False,False,False,False
Finland,2003-03-16,AS,0.40,False,False,False,False
Finland,2007-03-18,KESK,23.10,False,False,False,False
Finland,2007-03-18,KOK,22.30,False,False,False,False
Finland,2007-03-18,SSDP,21.40,False,False,False,False
Finland,2007-03-18,DL|VAS,8.80,False,False,True,True
Finland,2007-03-18,VIHR,8.50,False,False,False,False
Finland,2007-03-18,KD,4.90,False,False,False,False
Finland,2007-03-18,RKP-SFP,4.60,False,False,False,False
Finland,2007-03-18,SP|P,4.10,True,True,False,True
Finland,2007-03-18,SKP-Y,0.70,False,False,False,False
Finland,2007-03-18,AS,0.40,False,False,False,False
Finland,2011-04-17,KOK,20.40,False,False,False,False
Finland,2011-04-17,SSDP,19.10,False,False,False,False
Finland,2011-04-17,SP|P,19.10,True,True,False,True
Finland,2011-04-17,KESK,15.80,False,False,False,False
Finland,2011-04-17,DL|VAS,8.10,False,False,True,True
Finland,2011-04-17,VIHR,7.30,False,False,False,False
Finland,2011-04-17,RKP-SFP,4.30,False,False,False,False
Finland,2011-04-17,KD,4.00,False,False,False,False
Finland,2011-04-17,Pi,0.50,False,False,False,False
Finland,2011-04-17,AS,0.20,False,False,False,False
Finland,2015-04-19,KESK,21.10,False,False,False,False
Finland,2015-04-19,KOK,18.20,False,False,False,False
Finland,2015-04-19,SP|P,17.65,True,True,False,True
Finland,2015-04-19,SSDP,16.51,False,False,False,False
Finland,2015-04-19,VIHR,8.53,False,False,False,False
Finland,2015-04-19,DL|VAS,7.13,False,False,True,True
Finland,2015-04-19,RKP-SFP,4.88,False,False,False,False
Finland,2015-04-19,KD,3.54,False,False,False,False
Finland,2015-04-19,Pi,0.85,False,False,False,False
Finland,2015-04-19,one-seat,0.56,False,False,False,False
Finland,2019-04-14,SSDP,17.70,False,False,False,False
Finland,2019-04-14,SP|P,17.50,True,True,False,True
Finland,2019-04-14,KOK,17.00,False,False,False,False
Finland,2019-04-14,KESK,13.80,False,False,False,False
Finland,2019-04-14,VIHR,11.50,False,False,False,False
Finland,2019-04-14,DL|VAS,8.20,False,False,True,True
Finland,2019-04-14,RKP-SFP,4.50,False,False,False,False
Finland,2019-04-14,KD,3.90,False,False,False,False
Finland,2019-04-14,LN,2.30,False,False,False,False
Finland,2019-04-14,SIN,1.00,True,False,False,True
France,2002-06-16,UMP|LR,33.30,False,False,False,False
France,2002-06-16,PS,24.11,False,False,False,False
France,2002-06-16,FN,11.34,True,True,False,True
France,2002-06-16,UDF|MD,4.85,False,False,False,False
France,2002-06-16,PCF,4.82,False,False,True,True
France,2002-06-16,V,4.51,False,False,False,False
France,2002-06-16,droite,3.65,False,False,False,False
France,2002-06-16,CPNT,1.67,False,False,False,False
France,2002-06-16,PRG,1.54,False,False,False,False
France,2002-06-16,LCR,1.27,False,False,False,False
France,2002-06-16,LO,1.20,False,False,False,False
France,2002-06-16,MDC,1.19,False,False,False,False
France,2002-06-16,eco,1.17,False,False,False,False
France,2002-06-16,gauche,1.09,False,False,False,False
France,2002-06-16,MNR,1.09,False,False,False,False
France,2002-06-16,MF,0.80,False,False,False,False
France,2002-06-16,IR|DL,0.41,False,False,False,False
France,2002-06-16,RPF,0.37,False,False,False,False
France,2007-06-17,UMP|LR,39.54,False,False,False,False
France,2007-06-17,PS,24.73,False,False,False,False
France,2007-06-17,UDF|MD,7.61,False,False,False,False
France,2007-06-17,PCF,4.30,False,False,True,True
France,2007-06-17,FN,4.29,True,True,False,True
France,2007-06-17,ex-gau,3.41,False,False,False,False
France,2007-06-17,V,3.25,False,False,False,False
France,2007-06-17,droite,2.47,False,False,False,False
France,2007-06-17,NC,2.37,False,False,False,False
France,2007-06-17,gauche,1.97,False,False,False,False
France,2007-06-17,PRG,1.32,False,False,False,False
France,2007-06-17,MF,1.20,False,False,False,False
France,2007-06-17,MIM,0.51,False,False,False,False
France,2012-06-17,PS,29.35,False,False,False,False
France,2012-06-17,UMP|LR,27.12,False,False,False,False
France,2012-06-17,FN,13.60,True,True,False,True
France,2012-06-17,PCF,6.91,False,False,True,True
France,2012-06-17,V,5.46,False,False,False,False
France,2012-06-17,droite,3.51,False,False,False,False
France,2012-06-17,gauche,3.40,False,False,False,False
France,2012-06-17,NC,2.20,False,False,False,False
France,2012-06-17,UDF|MD,1.77,False,False,False,False
France,2012-06-17,PRG,1.65,False,False,False,False
France,2012-06-17,PR,1.24,False,False,False,False
France,2012-06-17,no-seat,0.96,False,False,False,False
France,2012-06-17,AC,0.60,False,False,False,False
France,2012-06-17,MIM,0.56,False,False,False,False
France,2012-06-17,ex-dro,0.19,False,False,False,False
France,2017-06-18,REM,28.21,False,False,False,False
France,2017-06-18,UMP|LR,15.77,False,False,False,False
France,2017-06-18,FN,13.20,True,True,False,True
France,2017-06-18,FI,11.03,True,False,True,True
France,2017-06-18,PS,7.44,False,False,False,False
France,2017-06-18,V,4.30,False,False,False,False
France,2017-06-18,UDF|MD,4.12,False,False,False,False
France,2017-06-18,UDI,3.03,False,False,False,False
France,2017-06-18,droite,2.76,False,False,False,False
France,2017-06-18,PCF,2.72,False,False,True,True
France,2017-06-18,gauche,1.60,False,False,False,False
France,2017-06-18,DLR|DLF,1.17,False,False,False,False
France,2017-06-18,ex-gau,0.77,False,False,False,False
France,2017-06-18,PRG,0.47,False,False,False,False
France,2017-06-18,ex-dro,0.30,False,False,False,False
Germany,1998-09-27,SPD,40.90,False,False,False,False
Germany,1998-09-27,CDU,28.40,False,False,False,False
Germany,1998-09-27,B90/Gru,6.70,False,False,False,False
Germany,1998-09-27,CSU,6.70,False,False,False,False
Germany,1998-09-27,FDP,6.20,False,False,False,False
Germany,1998-09-27,Li/PDS,5.10,True,False,True,True
Germany,1998-09-27,Rep,1.80,False,False,False,False
Germany,1998-09-27,DVU,1.20,False,False,False,False
Germany,2002-09-22,SPD,38.50,False,False,False,False
Germany,2002-09-22,CDU,29.50,False,False,False,False
Germany,2002-09-22,CSU,9.00,False,False,False,False
Germany,2002-09-22,B90/Gru,8.60,False,False,False,False
Germany,2002-09-22,FDP,7.40,False,False,False,False
Germany,2002-09-22,Li/PDS,4.00,True,False,True,True
Germany,2002-09-22,Rep,0.60,False,False,False,False
Germany,2005-09-18,SPD,34.20,False,False,False,False
Germany,2005-09-18,CDU,27.80,False,False,False,False
Germany,2005-09-18,FDP,9.80,False,False,False,False
Germany,2005-09-18,Li/PDS,8.70,True,False,True,True
Germany,2005-09-18,B90/Gru,8.10,False,False,False,False
Germany,2005-09-18,CSU,7.40,False,False,False,False
Germany,2005-09-18,NPD,1.60,False,False,False,False
Germany,2009-09-27,CDU,27.30,False,False,False,False
Germany,2009-09-27,SPD,23.00,False,False,False,False
Germany,2009-09-27,FDP,14.60,False,False,False,False
Germany,2009-09-27,Li/PDS,11.90,True,False,True,True
Germany,2009-09-27,B90/Gru,10.70,False,False,False,False
Germany,2009-09-27,CSU,6.50,False,False,False,False
Germany,2009-09-27,Pi,2.00,False,False,False,False
Germany,2009-09-27,NPD,1.50,False,False,False,False
Germany,2013-09-22,CDU,34.10,False,False,False,False
Germany,2013-09-22,SPD,25.70,False,False,False,False
Germany,2013-09-22,Li/PDS,8.60,True,False,True,True
Germany,2013-09-22,B90/Gru,8.40,False,False,False,False
Germany,2013-09-22,CSU,7.40,False,False,False,False
Germany,2013-09-22,FDP,4.80,False,False,False,False
Germany,2013-09-22,AfD,4.70,True,True,False,True
Germany,2013-09-22,Pi,2.20,False,False,False,False
Germany,2013-09-22,NPD,1.30,False,False,False,False
Germany,2017-09-24,CDU,26.80,False,False,False,False
Germany,2017-09-24,SPD,20.50,False,False,False,False
Germany,2017-09-24,AfD,12.60,True,True,False,True
Germany,2017-09-24,FDP,10.70,False,False,False,False
Germany,2017-09-24,Li/PDS,9.20,True,False,True,True
Germany,2017-09-24,B90/Gru,8.90,False,False,False,False
Germany,2017-09-24,CSU,6.20,False,False,False,False
Germany,2017-09-24,FW,1.00,False,False,False,False
Germany,2017-09-24,PARTEI,1.00,False,False,False,False
Greece,2000-04-09,PASOK,43.79,False,False,False,False
Greece,2000-04-09,ND,42.74,False,False,False,False
Greece,2000-04-09,KKE,5.52,False,False,True,True
Greece,2000-04-09,SYN,3.20,False,False,True,True
Greece,2000-04-09,DIKKI,2.69,True,False,True,True
Greece,2004-03-07,ND,45.36,False,False,False,False
Greece,2004-03-07,PASOK,40.55,False,False,False,False
Greece,2004-03-07,KKE,5.90,False,False,True,True
Greece,2004-03-07,SYRIZA,3.26,True,False,True,True
Greece,2004-03-07,LAOS,2.19,True,True,False,True
Greece,2004-03-07,DIKKI,1.79,True,False,True,True
Greece,2007-09-16,ND,41.84,False,False,False,False
Greece,2007-09-16,PASOK,38.10,False,False,False,False
Greece,2007-09-16,KKE,8.15,False,False,True,True
Greece,2007-09-16,SYRIZA,5.04,True,False,True,True
Greece,2007-09-16,LAOS,3.80,True,True,False,True
Greece,2007-09-16,OP,1.05,False,False,False,False
Greece,2009-10-04,PASOK,43.92,False,False,False,False
Greece,2009-10-04,ND,33.47,False,False,False,False
Greece,2009-10-04,KKE,7.54,False,False,True,True
Greece,2009-10-04,LAOS,5.63,True,True,False,True
Greece,2009-10-04,SYRIZA,4.60,True,False,True,True
Greece,2009-10-04,OP,2.53,False,False,False,False
Greece,2012-05-06,ND,18.85,False,False,False,False
Greece,2012-05-06,SYRIZA,16.79,True,False,True,True
Greece,2012-05-06,PASOK,13.18,False,False,False,False
Greece,2012-05-06,ANEL,10.62,True,False,False,True
Greece,2012-05-06,KKE,8.48,False,False,True,True
Greece,2012-05-06,LS-CA,6.97,False,True,False,True
Greece,2012-05-06,DIMAR,6.11,False,False,False,False
Greece,2012-05-06,OP,2.93,False,False,False,False
Greece,2012-05-06,LAOS,2.89,True,True,False,True
Greece,2012-05-06,DISY,2.55,False,False,False,False
Greece,2012-05-06,DX,2.15,False,False,False,False
Greece,2012-05-06,D-FS,1.80,False,False,False,False
Greece,2012-05-06,AASA,1.19,False,False,False,False
Greece,2012-06-17,ND,29.66,False,False,False,False
Greece,2012-06-17,SYRIZA,26.89,True,False,True,True
Greece,2012-06-17,PASOK,12.28,False,False,False,False
Greece,2012-06-17,ANEL,7.51,True,False,False,True
Greece,2012-06-17,LS-CA,6.92,False,True,False,True
Greece,2012-06-17,DIMAR,6.26,False,False,False,False
Greece,2012-06-17,KKE,4.50,False,False,True,True
Greece,2012-06-17,DX,1.59,False,False,False,False
Greece,2012-06-17,LAOS,1.58,True,True,False,True
Greece,2015-01-25,SYRIZA,36.34,True,False,True,True
Greece,2015-01-25,ND,27.81,False,False,False,False
Greece,2015-01-25,LS-CA,6.28,False,True,False,True
Greece,2015-01-25,TP,6.05,False,False,False,False
Greece,2015-01-25,KKE,5.47,False,False,True,True
Greece,2015-01-25,ANEL,4.75,True,False,False,True
Greece,2015-01-25,PASOK,4.68,False,False,False,False
Greece,2015-01-25,KIDISO,2.46,False,False,False,False
Greece,2015-01-25,EK,1.79,False,False,False,False
Greece,2015-01-25,Tel,1.77,False,False,False,False
Greece,2015-01-25,LAOS,1.03,True,True,False,True
Greece,2015-09-20,SYRIZA,35.46,True,False,True,True
Greece,2015-09-20,ND,28.10,False,False,False,False
Greece,2015-09-20,LS-CA,6.99,False,True,False,True
Greece,2015-09-20,PASOK,6.28,False,False,False,False
Greece,2015-09-20,KKE,5.55,False,False,True,True
Greece,2015-09-20,TP,4.09,False,False,False,False
Greece,2015-09-20,ANEL,3.69,True,False,False,True
Greece,2015-09-20,EK,3.43,False,False,False,False
Greece,2015-09-20,LE,2.86,False,False,False,False
Hungary,1998-05-24,MSZP,32.90,False,False,False,False
Hungary,1998-05-24,Fi-MPSz,29.50,False,False,False,False
Hungary,1998-05-24,FKgP,13.10,False,False,False,False
Hungary,1998-05-24,SzDSz,7.60,False,False,False,False
Hungary,1998-05-24,MIEP,5.50,True,True,False,True
Hungary,1998-05-24,MMP,4.00,False,False,True,True
Hungary,1998-05-24,MDF,2.80,False,False,False,False
Hungary,1998-05-24,KDNP,2.30,False,False,False,False
Hungary,1998-05-24,none,2.30,False,False,False,False
Hungary,2002-04-21,MSZP,42.05,False,False,False,False
Hungary,2002-04-21,Fi-MPSz,41.07,True,True,False,True
Hungary,2002-04-21,SzDSz,5.57,False,False,False,False
Hungary,2002-04-21,MIEP,4.37,True,True,False,True
Hungary,2002-04-21,KDNP,3.90,False,False,False,False
Hungary,2002-04-21,MMP,2.16,False,False,True,True
Hungary,2006-04-09,MSZP,43.20,False,False,False,False
Hungary,2006-04-09,Fi+KDNP,42.00,True,True,False,True
Hungary,2006-04-09,SzDSz,6.50,False,False,False,False
Hungary,2006-04-09,MDF,5.00,False,False,False,False
Hungary,2006-04-09,MIEP,2.20,True,True,False,True
Hungary,2010-04-25,Fi+KDNP,52.73,True,True,False,True
Hungary,2010-04-25,MSZP,19.30,False,False,False,False
Hungary,2010-04-25,Jobbik,16.67,True,True,False,True
Hungary,2010-04-25,LMP,7.48,False,False,False,False
Hungary,2010-04-25,MDF,2.18,False,False,False,False
Hungary,2014-04-06,Fi+KDNP,44.87,True,True,False,True
Hungary,2014-04-06,MSZP,25.57,False,False,False,False
Hungary,2014-04-06,Jobbik,20.22,True,True,False,True
Hungary,2014-04-06,LMP,5.34,False,False,False,False
Hungary,2014-04-06,MMP,0.56,False,False,True,True
Hungary,2018-04-08,Fi+KDNP,49.28,True,True,False,True
Hungary,2018-04-08,Jobbik,19.06,True,True,False,True
Hungary,2018-04-08,MSZP,11.91,False,False,False,False
Hungary,2018-04-08,LMP,7.06,False,False,False,False
Hungary,2018-04-08,DK,5.37,False,False,False,False
Hungary,2018-04-08,MM,3.06,False,False,False,False
Hungary,2018-04-08,MKKP,1.73,False,False,False,False
Hungary,2018-04-08,Egyutt,0.66,False,False,False,False
Hungary,2018-04-08,one-seat,0.46,False,False,False,False
Ireland,2002-05-17,FF,41.48,False,False,False,False
Ireland,2002-05-17,FG,22.48,False,False,False,False
Ireland,2002-05-17,Lab,10.77,False,False,False,False
Ireland,2002-05-17,SF,6.51,True,False,True,True
Ireland,2002-05-17,PD,3.96,False,False,False,False
Ireland,2002-05-17,Green,3.85,False,False,False,False
Ireland,2002-05-17,SP,0.80,False,False,True,True
Ireland,2002-05-17,I-MH,0.46,False,False,False,False
Ireland,2002-05-17,no-seat,0.26,False,False,False,False
Ireland,2007-05-24,FF,41.56,False,False,False,False
Ireland,2007-05-24,FG,27.32,False,False,False,False
Ireland,2007-05-24,Lab,10.13,False,False,False,False
Ireland,2007-05-24,SF,6.94,True,False,True,True
Ireland,2007-05-24,Green,4.69,False,False,False,False
Ireland,2007-05-24,PD,2.73,False,False,False,False
Ireland,2007-05-24,SP,0.64,False,False,True,True
Ireland,2011-02-25,FG,36.10,False,False,False,False
Ireland,2011-02-25,Lab,19.45,False,False,False,False
Ireland,2011-02-25,FF,17.45,False,False,False,False
Ireland,2011-02-25,none,12.17,False,False,False,False
Ireland,2011-02-25,SF,9.94,True,False,True,True
Ireland,2011-02-25,Green,1.85,False,False,False,False
Ireland,2011-02-25,SP,1.21,False,False,True,True
Ireland,2011-02-25,PBPA,0.97,False,False,False,False
Ireland,2011-02-25,one-seat,0.50,False,False,False,False
Ireland,2016-02-26,FG,25.52,False,False,False,False
Ireland,2016-02-26,FF,24.35,False,False,False,False
Ireland,2016-02-26,SF,13.85,True,False,True,True
Ireland,2016-02-26,none,11.14,False,False,False,False
Ireland,2016-02-26,Lab,6.61,False,False,False,False
Ireland,2016-02-26,IA,4.21,False,False,False,False
Ireland,2016-02-26,SP,3.95,False,False,True,True
Ireland,2016-02-26,DS,3.01,False,False,False,False
Ireland,2016-02-26,Green,2.72,False,False,False,False
Ireland,2016-02-26,RI,2.18,False,False,False,False
Ireland,2016-02-26,IC,1.47,False,False,False,False
Ireland,2016-02-26,one-seat,0.35,False,False,False,False
Italy,2001-05-13,FI-PdL,29.43,True,False,False,False
Italy,2001-05-13,DS,16.57,False,False,False,False
Italy,2001-05-13,DL-M,14.52,False,False,False,False
Italy,2001-05-13,AN,12.02,False,False,False,False
Italy,2001-05-13,PRC,5.03,False,False,True,True
Italy,2001-05-13,IdV,4.01,False,False,False,False
Italy,2001-05-13,LN,3.94,True,True,False,True
Italy,2001-05-13,CCD+CDU,3.22,False,False,False,False
Italy,2001-05-13,DE,2.40,False,False,False,False
Italy,2001-05-13,R,2.20,False,False,False,False
Italy,2001-05-13,FdV,2.17,False,False,False,False
Italy,2001-05-13,PdCI,1.67,False,False,True,True
Italy,2001-05-13,NPSI,0.95,False,False,False,False
Italy,2001-05-13,SVP,0.54,False,False,False,False
Italy,2001-05-13,UV,0.07,False,False,False,False
Italy,2006-04-09,CeS,30.43,False,False,False,False
Italy,2006-04-09,FI-PdL,23.60,True,False,False,False
Italy,2006-04-09,AN,12.01,False,False,False,False
Italy,2006-04-09,UC,6.75,False,False,False,False
Italy,2006-04-09,PRC,5.69,False,False,True,True
Italy,2006-04-09,LN,4.51,True,True,False,True
Italy,2006-04-09,R,2.53,False,False,False,False
Italy,2006-04-09,IdV,2.31,False,False,False,False
Italy,2006-04-09,PdCI,2.25,False,False,True,True
Italy,2006-04-09,FdV,2.00,False,False,False,False
Italy,2006-04-09,UDEUR,1.39,False,False,False,False
Italy,2006-04-09,LUP,1.08,False,False,False,False
Italy,2006-04-09,DCA,0.73,False,False,False,False
Italy,2006-04-09,SVP,0.47,False,False,False,False
Italy,2006-04-09,AIE,0.25,False,False,False,False
Italy,2006-04-09,one-seat,0.18,False,False,False,False
Italy,2006-04-09,ALD,0.09,False,False,False,False
Italy,2008-04-13,FI-PdL,38.23,True,False,False,False
Italy,2008-04-13,PD,34.04,False,False,False,False
Italy,2008-04-13,LN,8.29,True,True,False,True
Italy,2008-04-13,UC,5.85,False,False,False,False
Italy,2008-04-13,IdV,4.48,False,False,False,False
Italy,2008-04-13,PRC,3.16,False,False,True,True
Italy,2008-04-13,MSFT,2.46,False,True,False,True
Italy,2008-04-13,MpA,1.12,False,False,False,False
Italy,2008-04-13,SVP,0.40,False,False,False,False
Italy,2008-04-13,AIE,0.24,False,False,False,False
Italy,2008-04-13,ALD,0.08,False,False,False,False
Italy,2013-02-25,PD,26.27,False,False,False,False
Italy,2013-02-25,M5S,25.88,True,False,False,True
Italy,2013-02-25,FI-PdL,21.99,True,False,False,False
Italy,2013-02-25,SC,8.84,False,False,False,False
Italy,2013-02-25,LN,4.10,True,True,False,True
Italy,2013-02-25,S,3.25,False,False,True,False
Italy,2013-02-25,RC,2.30,False,False,True,True
Italy,2013-02-25,FdI-CN,1.97,True,True,False,True
Italy,2013-02-25,UC,1.79,False,False,False,False
Italy,2013-02-25,FiD,1.15,False,False,False,False
Italy,2013-02-25,CD,0.49,False,False,False,False
Italy,2013-02-25,SVP,0.43,False,False,False,False
Italy,2013-02-25,AIE,0.41,False,False,False,False
Italy,2013-02-25,USEI,0.13,False,False,False,False
Italy,2013-02-25,UV,0.05,False,False,False,False
Italy,2018-03-04,M5S,33.33,True,False,False,True
Italy,2018-03-04,PD,18.76,False,False,False,False
Italy,2018-03-04,LN,17.39,True,True,False,True
Italy,2018-03-04,FI-PdL,14.00,True,False,False,False
Italy,2018-03-04,FdI-CN,4.35,True,True,False,True
Italy,2018-03-04,S,3.39,False,False,True,False
Italy,2018-03-04,R,2.76,False,False,False,False
Italy,2018-03-04,UC,1.34,False,False,False,False
Italy,2018-03-04,PRC,1.13,False,False,True,True
Italy,2018-03-04,one-seat,0.58,False,False,False,False
Italy,2018-03-04,IdV,0.54,False,False,False,False
Italy,2018-03-04,SVP,0.41,False,False,False,False
Italy,2018-03-04,AIE,0.33,False,False,False,False
Italy,2018-03-04,USEI,0.21,False,False,False,False
Latvia,1998-10-03,TP,21.19,False,False,False,False
Latvia,1998-10-03,LC,18.05,False,False,False,False
Latvia,1998-10-03,NA/TB/LNNK,14.65,False,False,False,False
Latvia,1998-10-03,TSP,14.12,False,False,False,False
Latvia,1998-10-03,KDT,12.81,False,False,False,False
Latvia,1998-10-03,JP,7.31,False,False,False,False
Latvia,1998-10-03,LZS,2.47,False,False,False,False
Latvia,1998-10-03,LZP,2.29,False,False,False,False
Latvia,1998-10-03,TKL-ZP,1.73,False,False,False,False
Latvia,1998-10-03,DPS,1.60,False,False,False,False
Latvia,2002-10-05,JL,23.90,True,False,False,False
Latvia,2002-10-05,PCTVL,19.00,False,False,False,False
Latvia,2002-10-05,TP,16.60,False,False,False,False
Latvia,2002-10-05,LPP,9.50,False,False,False,False
Latvia,2002-10-05,ZZS,9.40,False,False,False,False
Latvia,2002-10-05,NA/TB/LNNK,5.40,False,False,False,False
Latvia,2002-10-05,LC,4.90,False,False,False,False
Latvia,2002-10-05,LSDSP,4.00,False,False,False,False
Latvia,2002-10-05,LG,1.60,False,False,False,False
Latvia,2002-10-05,SDP,1.50,False,False,False,False
Latvia,2002-10-05,SDLP,1.30,False,False,False,False
Latvia,2006-10-07,TP,19.56,False,False,False,False
Latvia,2006-10-07,ZZS,16.71,False,False,False,False
Latvia,2006-10-07,JL,16.38,True,False,False,False
Latvia,2006-10-07,S,14.42,False,False,False,False
Latvia,2006-10-07,LPP/LC,8.58,False,False,False,False
Latvia,2006-10-07,NA/TB/LNNK,6.94,False,False,False,False
Latvia,2006-10-07,PCTVL,6.03,False,False,False,False
Latvia,2006-10-07,LSDSP,3.50,False,False,False,False
Latvia,2006-10-07,SDLP,2.08,False,False,False,False
Latvia,2006-10-07,VL,1.48,False,False,False,False
Latvia,2006-10-07,JD,1.27,False,False,False,False
Latvia,2010-10-02,V,31.90,False,False,False,False
Latvia,2010-10-02,S,26.61,False,False,False,False
Latvia,2010-10-02,ZZS,20.11,False,False,False,False
Latvia,2010-10-02,NA/TB/LNNK,7.84,False,False,False,False
Latvia,2010-10-02,PLL,7.82,False,False,False,False
Latvia,2010-10-02,PCTVL,1.47,False,False,False,False
Latvia,2011-09-17,S,28.36,False,False,False,False
Latvia,2011-09-17,RP,20.83,True,False,False,False
Latvia,2011-09-17,V,18.83,False,False,False,False
Latvia,2011-09-17,NA/TB/LNNK,13.88,False,False,False,False
Latvia,2011-09-17,ZZS,12.22,False,False,False,False
Latvia,2011-09-17,LPP/LC,2.41,False,False,False,False
Latvia,2014-10-04,S,23.00,False,False,False,False
Latvia,2014-10-04,V,21.87,False,False,False,False
Latvia,2014-10-04,ZZS,19.53,False,False,False,False
Latvia,2014-10-04,NA/TB/LNNK,16.61,False,False,False,False
Latvia,2014-10-04,NsL,6.85,False,False,False,False
Latvia,2014-10-04,LRa,6.66,False,False,False,False
Latvia,2014-10-04,PCTVL,1.58,False,False,False,False
Latvia,2014-10-04,ViLa,1.18,False,False,False,False
Latvia,2018-10-06,S,19.92,False,False,False,False
Latvia,2018-10-06,KPV LV,14.33,False,False,False,False
Latvia,2018-10-06,JKP,13.67,False,False,False,False
Latvia,2018-10-06,LAAT,12.12,False,False,False,False
Latvia,2018-10-06,NA/TB/LNNK,11.08,False,False,False,False
Latvia,2018-10-06,ZZS,9.97,False,False,False,False
Latvia,2018-10-06,V,6.74,False,False,False,False
Latvia,2018-10-06,LRa,4.17,False,False,False,False
Latvia,2018-10-06,PCTVL,3.22,False,False,False,False
Latvia,2018-10-06,P,2.63,False,False,False,False
Lithuania,2000-10-08,LDDP,31.08,False,False,False,False
Lithuania,2000-10-08,NS,19.64,False,False,False,False
Lithuania,2000-10-08,LLiS,17.25,False,False,False,False
Lithuania,2000-10-08,TS-LK,8.62,False,False,False,False
Lithuania,2000-10-08,KDS,4.19,False,False,False,False
Lithuania,2000-10-08,LVP,4.08,False,False,False,False
Lithuania,2000-10-08,LKDP,3.07,False,False,False,False
Lithuania,2000-10-08,LCS,2.86,False,False,False,False
Lithuania,2000-10-08,KKSS,2.01,False,False,False,False
Lithuania,2000-10-08,LLRA,1.95,False,False,False,False
Lithuania,2000-10-08,UTL,1.47,False,False,False,False
Lithuania,2000-10-08,LLaS,1.27,False,False,False,False
Lithuania,2000-10-08,JL,1.15,False,False,False,False
Lithuania,2004-10-24,DP,28.44,True,False,False,False
Lithuania,2004-10-24,LSDP,20.65,False,False,False,False
Lithuania,2004-10-24,TS-LK,14.75,False,False,False,False
Lithuania,2004-10-24,TT-LDP,11.36,True,False,False,True
Lithuania,2004-10-24,LiCS,9.19,False,False,False,False
Lithuania,2004-10-24,LVLS,6.60,False,False,False,False
Lithuania,2004-10-24,LLRA,3.79,False,False,False,False
Lithuania,2004-10-24,KKSS,1.96,False,False,False,False
Lithuania,2004-10-24,LKDP,1.37,False,False,False,False
Lithuania,2008-10-12,TS-LK,19.72,False,False,False,False
Lithuania,2008-10-12,TPP,15.09,True,False,False,False
Lithuania,2008-10-12,TT-LDP,12.68,True,False,False,True
Lithuania,2008-10-12,LSDP,11.72,False,False,False,False
Lithuania,2008-10-12,DP,8.99,False,False,False,False
Lithuania,2008-10-12,LRLS,5.73,False,False,False,False
Lithuania,2008-10-12,LiCS,5.34,False,False,False,False
Lithuania,2008-10-12,LLRA,4.79,False,False,False,False
Lithuania,2008-10-12,LVLS,3.73,False,False,False,False
Lithuania,2008-10-12,NS,3.64,False,False,False,False
Lithuania,2008-10-12,SPF,3.24,False,False,True,True
Lithuania,2008-10-12,JL,1.75,False,False,False,False
Lithuania,2008-10-12,PDP,1.11,False,False,False,False
Lithuania,2012-10-14,DP,19.82,False,False,False,False
Lithuania,2012-10-14,LSDP,18.37,False,False,False,False
Lithuania,2012-10-14,TS-LK,15.08,False,False,False,False
Lithuania,2012-10-14,LRLS,8.57,False,False,False,False
Lithuania,2012-10-14,DK,7.99,True,False,False,False
Lithuania,2012-10-14,TT-LDP,7.31,True,False,False,True
Lithuania,2012-10-14,LLRA,5.83,False,False,False,False
Lithuania,2012-10-14,LVLS,3.88,False,False,False,False
Lithuania,2012-10-14,LiCS,2.06,False,False,False,False
Lithuania,2012-10-14,TAIP,1.76,False,False,False,False
Lithuania,2012-10-14,SPF,1.21,False,False,True,True
Lithuania,2012-10-14,KKSS,1.20,False,False,False,False
Lithuania,2016-10-09,TS-LK,22.63,False,False,False,False
Lithuania,2016-10-09,LVLS,22.45,False,False,False,False
Lithuania,2016-10-09,LSDP,15.04,False,False,False,False
Lithuania,2016-10-09,LRLS,9.45,False,False,False,False
Lithuania,2016-10-09,LCP,6.32,True,False,False,True
Lithuania,2016-10-09,LLRA,5.72,False,False,False,False
Lithuania,2016-10-09,TT-LDP,5.55,True,False,False,True
Lithuania,2016-10-09,DP,4.88,False,False,False,False
Lithuania,2016-10-09,LLS,2.23,False,False,False,False
Lithuania,2016-10-09,LZP,2.03,False,False,False,False
Lithuania,2016-10-09,one-seat,1.80,False,False,False,False
Lithuania,2016-10-09,no-seat,1.05,False,False,False,False
Luxembourg,1999-06-13,CSV,29.72,False,False,False,False
Luxembourg,1999-06-13,LSAP,23.74,False,False,False,False
Luxembourg,1999-06-13,DP,21.59,False,False,False,False
Luxembourg,1999-06-13,AR|ADR,10.36,True,False,False,True
Luxembourg,1999-06-13,Greng,9.10,False,False,False,False
Luxembourg,1999-06-13,DL,3.76,False,False,True,True
Luxembourg,1999-06-13,GLA,1.09,False,False,False,False
Luxembourg,2004-06-13,CSV,35.81,False,False,False,False
Luxembourg,2004-06-13,LSAP,25.43,False,False,False,False
Luxembourg,2004-06-13,DP,14.94,False,False,False,False
Luxembourg,2004-06-13,Greng,11.54,False,False,False,False
Luxembourg,2004-06-13,AR|ADR,9.04,True,False,False,True
Luxembourg,2004-06-13,DL,2.01,False,False,True,True
Luxembourg,2004-06-13,KPL,1.15,False,False,False,False
Luxembourg,2009-06-07,CSV,38.04,False,False,False,False
Luxembourg,2009-06-07,LSAP,21.56,False,False,False,False
Luxembourg,2009-06-07,DP,14.98,False,False,False,False
Luxembourg,2009-06-07,Greng,11.71,False,False,False,False
Luxembourg,2009-06-07,AR|ADR,8.13,True,False,False,True
Luxembourg,2009-06-07,DL,3.29,False,False,True,True
Luxembourg,2009-06-07,KPL,1.47,False,False,False,False
Luxembourg,2013-10-20,CSV,33.68,False,False,False,False
Luxembourg,2013-10-20,LSAP,20.28,False,False,False,False
Luxembourg,2013-10-20,DP,18.25,False,False,False,False
Luxembourg,2013-10-20,Greng,10.13,False,False,False,False
Luxembourg,2013-10-20,AR|ADR,6.64,True,False,False,True
Luxembourg,2013-10-20,DL,4.94,False,False,True,True
Luxembourg,2013-10-20,Pi,2.94,False,False,False,False
Luxembourg,2013-10-20,KPL,1.64,False,False,False,False
Luxembourg,2013-10-20,PID,1.50,False,False,False,False
Luxembourg,2018-10-14,CSV,27.08,False,False,False,False
Luxembourg,2018-10-14,DP,16.40,False,False,False,False
Luxembourg,2018-10-14,LSAP,15.72,False,False,False,False
Luxembourg,2018-10-14,Greng,14.10,False,False,False,False
Luxembourg,2018-10-14,AR|ADR,8.02,True,False,False,True
Luxembourg,2018-10-14,Pi,6.20,False,False,False,False
Luxembourg,2018-10-14,DL,4.72,False,False,True,True
Luxembourg,2018-10-14,KPL,1.07,False,False,False,False
Malta,1998-09-05,PN,51.81,False,False,False,False
Malta,1998-09-05,PL,46.97,False,False,False,False
Malta,1998-09-05,AD,1.21,False,False,False,False
Malta,2003-04-12,PN,51.79,False,False,False,False
Malta,2003-04-12,PL,47.51,False,False,False,False
Malta,2003-04-12,AD,0.68,False,False,False,False
Malta,2008-03-08,PN,49.34,False,False,False,False
Malta,2008-03-08,PL,48.79,False,False,False,False
Malta,2008-03-08,AD,1.31,False,False,False,False
Malta,2013-03-09,PL,54.83,False,False,False,False
Malta,2013-03-09,PN,43.34,False,False,False,False
Malta,2013-03-09,AD,1.80,False,False,False,False
Malta,2017-06-03,PL,55.04,False,False,False,False
Malta,2017-06-03,PN,43.68,False,False,False,False
Malta,2017-06-03,AD,0.83,False,False,False,False
Netherlands,1998-05-06,PvdA,28.98,False,False,False,False
Netherlands,1998-05-06,VVD,24.69,False,False,False,False
Netherlands,1998-05-06,CDA,18.37,False,False,False,False
Netherlands,1998-05-06,D66,8.99,False,False,False,False
Netherlands,1998-05-06,GL,7.27,False,False,False,False
Netherlands,1998-05-06,SP,3.53,True,False,True,True
Netherlands,1998-05-06,RPF,2.03,False,False,False,False
Netherlands,1998-05-06,SGP,1.78,False,False,False,True
Netherlands,1998-05-06,GPV,1.26,False,False,False,False
Netherlands,1998-05-06,CD,0.61,False,False,False,False
Netherlands,2002-05-15,CDA,27.93,False,False,False,False
Netherlands,2002-05-15,LPF,17.00,True,True,False,True
Netherlands,2002-05-15,VVD,15.44,False,False,False,False
Netherlands,2002-05-15,PvdA,15.11,False,False,False,False
Netherlands,2002-05-15,GL,6.95,False,False,False,False
Netherlands,2002-05-15,SP,5.90,True,False,True,True
Netherlands,2002-05-15,D66,5.10,False,False,False,False
Netherlands,2002-05-15,CU,2.54,False,False,False,False
Netherlands,2002-05-15,SGP,1.72,False,False,False,True
Netherlands,2002-05-15,LN,1.61,False,False,False,False
Netherlands,2002-05-15,AOV|VSP,0.41,False,False,False,False
Netherlands,2003-01-22,CDA,28.62,False,False,False,False
Netherlands,2003-01-22,PvdA,27.26,False,False,False,False
Netherlands,2003-01-22,VVD,17.91,False,False,False,False
Netherlands,2003-01-22,SP,6.32,True,False,True,True
Netherlands,2003-01-22,LPF,5.70,True,True,False,True
Netherlands,2003-01-22,GL,5.14,False,False,False,False
Netherlands,2003-01-22,D66,4.07,False,False,False,False
Netherlands,2003-01-22,CU,2.12,False,False,False,False
Netherlands,2003-01-22,SGP,1.56,False,False,False,True
Netherlands,2003-01-22,PvdD,0.49,False,False,False,True
Netherlands,2006-11-22,CDA,26.51,False,False,False,False
Netherlands,2006-11-22,PvdA,21.19,False,False,False,False
Netherlands,2006-11-22,SP,16.58,True,False,True,True
Netherlands,2006-11-22,VVD,14.67,False,False,False,False
Netherlands,2006-11-22,PVV,5.89,True,True,False,True
Netherlands,2006-11-22,GL,4.60,False,False,False,False
Netherlands,2006-11-22,CU,3.97,False,False,False,False
Netherlands,2006-11-22,D66,1.96,False,False,False,False
Netherlands,2006-11-22,PvdD,1.83,False,False,False,True
Netherlands,2006-11-22,SGP,1.56,False,False,False,True
Netherlands,2006-11-22,no-seat,0.64,False,False,False,False
Netherlands,2010-06-09,VVD,20.49,False,False,False,False
Netherlands,2010-06-09,PvdA,19.63,False,False,False,False
Netherlands,2010-06-09,PVV,15.45,True,True,False,True
Netherlands,2010-06-09,CDA,13.61,False,False,False,False
Netherlands,2010-06-09,SP,9.82,True,False,True,True
Netherlands,2010-06-09,D66,6.95,False,False,False,False
Netherlands,2010-06-09,GL,6.67,False,False,False,False
Netherlands,2010-06-09,CU,3.24,False,False,False,False
Netherlands,2010-06-09,SGP,1.74,False,False,False,True
Netherlands,2010-06-09,PvdD,1.30,False,False,False,True
Netherlands,2010-06-09,one-seat,0.56,False,False,False,False
Netherlands,2012-09-12,VVD,26.58,False,False,False,False
Netherlands,2012-09-12,PvdA,24.84,False,False,False,False
Netherlands,2012-09-12,PVV,10.08,True,True,False,True
Netherlands,2012-09-12,SP,9.65,True,False,True,True
Netherlands,2012-09-12,CDA,8.51,False,False,False,False
Netherlands,2012-09-12,D66,8.03,False,False,False,False
Netherlands,2012-09-12,CU,3.13,False,False,False,False
Netherlands,2012-09-12,GL,2.33,False,False,False,False
Netherlands,2012-09-12,SGP,2.09,False,False,False,True
Netherlands,2012-09-12,PvdD,1.93,False,False,False,True
Netherlands,2012-09-12,50+,1.88,False,False,False,True
Netherlands,2012-09-12,no-seat,0.32,False,False,False,False
Netherlands,2017-03-15,VVD,21.30,False,False,False,False
Netherlands,2017-03-15,PVV,13.10,True,True,False,True
Netherlands,2017-03-15,CDA,12.40,False,False,False,False
Netherlands,2017-03-15,D66,12.20,False,False,False,False
Netherlands,2017-03-15,SP,9.10,True,False,True,True
Netherlands,2017-03-15,GL,9.10,False,False,False,False
Netherlands,2017-03-15,PvdA,5.70,False,False,False,False
Netherlands,2017-03-15,CU,3.40,False,False,False,False
Netherlands,2017-03-15,PvdD,3.20,False,False,False,True
Netherlands,2017-03-15,50+,3.10,False,False,False,True
Netherlands,2017-03-15,SGP,2.10,False,False,False,True
Netherlands,2017-03-15,DENK,2.10,False,False,False,False
Netherlands,2017-03-15,FvD,1.80,False,False,False,False
Netherlands,2017-03-15,no-seat,0.40,False,False,False,False
Poland,2001-09-23,SLD,41.04,False,False,False,False
Poland,2001-09-23,PO,12.70,False,False,False,False
Poland,2001-09-23,SRP,10.20,True,False,False,True
Poland,2001-09-23,PiS,9.50,False,False,False,False
Poland,2001-09-23,PSL,9.00,False,False,False,False
Poland,2001-09-23,LPR,7.90,True,True,False,True
Poland,2001-09-23,AWS,5.60,False,False,False,False
Poland,2001-09-23,D|W|U,3.10,False,False,False,False
Poland,2001-09-23,MN,0.40,False,False,False,False
Poland,2005-09-25,PiS,27.00,True,True,False,True
Poland,2005-09-25,PO,24.10,False,False,False,False
Poland,2005-09-25,SRP,11.40,True,False,False,True
Poland,2005-09-25,SLD,11.30,False,False,False,False
Poland,2005-09-25,LPR,8.00,True,True,False,True
Poland,2005-09-25,PSL,7.00,False,False,False,False
Poland,2005-09-25,SDPL,3.89,False,False,False,False
Poland,2005-09-25,D|W|U,2.45,False,False,False,False
Poland,2005-09-25,UPR|KNP,1.57,False,False,False,False
Poland,2005-09-25,ROP,1.05,False,False,False,False
Poland,2005-09-25,MN,0.29,False,False,False,False
Poland,2007-10-19,PO,41.51,False,False,False,False
Poland,2007-10-19,PiS,32.11,True,True,False,True
Poland,2007-10-19,LiD,13.15,False,False,False,False
Poland,2007-10-19,PSL,8.91,False,False,False,False
Poland,2007-10-19,SRP,1.53,True,False,False,True
Poland,2007-10-19,LPR,1.30,True,True,False,True
Poland,2007-10-19,MN,0.20,False,False,False,False
Poland,2011-10-09,PO,39.18,False,False,False,False
Poland,2011-10-09,PiS,29.89,True,True,False,True
Poland,2011-10-09,RP,10.02,False,False,False,False
Poland,2011-10-09,PSL,8.36,False,False,False,False
Poland,2011-10-09,SLD,8.24,False,False,False,False
Poland,2011-10-09,PjN,2.19,False,False,False,False
Poland,2011-10-09,UPR|KNP,1.06,False,False,False,False
Poland,2011-10-09,MN,0.19,False,False,False,False
Poland,2015-10-25,PiS,37.58,True,True,False,True
Poland,2015-10-25,PO,24.09,False,False,False,False
Poland,2015-10-25,K,8.81,True,True,False,True
Poland,2015-10-25,N,7.60,False,False,False,False
Poland,2015-10-25,SLD,7.55,False,False,False,False
Poland,2015-10-25,PSL,5.13,False,False,False,False
Poland,2015-10-25,KORWIN,4.76,False,True,False,True
Poland,2015-10-25,Razem,3.62,False,False,True,False
Poland,2015-10-25,MN,0.18,False,False,False,False
Portugal,1999-10-10,PS,44.96,False,False,False,False
Portugal,1999-10-10,PSD,32.98,False,False,False,False
Portugal,1999-10-10,CDU,9.18,False,False,True,True
Portugal,1999-10-10,CDS-PP,8.51,False,False,False,False
Portugal,1999-10-10,BE,2.49,False,False,True,True
Portugal,1999-10-10,PCTP/MRPP,0.75,False,False,False,False
Portugal,2002-03-17,PSD,41.01,False,False,False,False
Portugal,2002-03-17,PS,38.55,False,False,False,False
Portugal,2002-03-17,CDS-PP,8.90,False,False,False,False
Portugal,2002-03-17,CDU,7.08,False,False,True,True
Portugal,2002-03-17,BE,2.79,False,False,True,True
Portugal,2002-03-17,PCTP/MRPP,0.67,False,False,False,False
Portugal,2005-02-20,PS,46.40,False,False,False,False
Portugal,2005-02-20,PSD,29.64,False,False,False,False
Portugal,2005-02-20,CDU,7.77,False,False,True,True
Portugal,2005-02-20,CDS-PP,7.46,False,False,False,False
Portugal,2005-02-20,BE,6.54,False,False,True,True
Portugal,2005-02-20,PCTP/MRPP,0.86,False,False,False,False
Portugal,2009-09-27,PS,37.73,False,False,False,False
Portugal,2009-09-27,PSD,30.04,False,False,False,False
Portugal,2009-09-27,CDS-PP,10.77,False,False,False,False
Portugal,2009-09-27,BE,10.12,False,False,True,True
Portugal,2009-09-27,CDU,8.11,False,False,True,True
Portugal,2009-09-27,PCTP/MRPP,0.96,False,False,False,False
Portugal,2011-06-05,PSD,40.31,False,False,False,False
Portugal,2011-06-05,PS,29.24,False,False,False,False
Portugal,2011-06-05,CDS-PP,12.21,False,False,False,False
Portugal,2011-06-05,CDU,8.23,False,False,True,True
Portugal,2011-06-05,BE,5.39,False,False,True,True
Portugal,2011-06-05,PCTP/MRPP,1.17,False,False,False,False
Portugal,2011-06-05,PAN,1.08,False,False,False,False
Portugal,2015-10-04,PSD,39.84,False,False,False,False
Portugal,2015-10-04,PS,33.57,False,False,False,False
Portugal,2015-10-04,BE,10.58,False,False,True,True
Portugal,2015-10-04,CDU,8.56,False,False,True,True
Portugal,2015-10-04,PAN,1.44,False,False,False,False
Portugal,2015-10-04,PDR,1.19,False,False,False,False
Portugal,2015-10-04,PCTP/MRPP,1.15,False,False,False,False
Romania,2000-11-26,PSD,36.61,False,False,False,False
Romania,2000-11-26,PRM,19.48,True,True,False,True
Romania,2000-11-26,PD,7.03,False,False,False,False
Romania,2000-11-26,PNL,6.89,False,False,False,False
Romania,2000-11-26,UDMR,6.80,False,False,False,False
Romania,2000-11-26,CDR,5.04,False,False,False,False
Romania,2000-11-26,ApR,4.07,False,False,False,False
Romania,2000-11-26,PNL-C,1.40,False,False,False,False
Romania,2000-11-26,PUNR,1.38,False,False,False,False
Romania,2004-11-28,PSD,36.60,False,False,False,False
Romania,2004-11-28,PNL,31.30,False,False,False,False
Romania,2004-11-28,PRM,13.00,True,True,False,True
Romania,2004-11-28,UDMR,6.20,False,False,False,False
Romania,2004-11-28,PNG-CD,2.20,False,False,False,False
Romania,2004-11-28,PNT-CD,1.80,False,False,False,False
Romania,2008-11-30,PSD,33.09,False,False,False,False
Romania,2008-11-30,PD-L,32.36,False,False,False,False
Romania,2008-11-30,PNL,18.57,False,False,False,False
Romania,2008-11-30,UDMR,6.17,False,False,False,False
Romania,2008-11-30,PRM,3.15,True,True,False,True
Romania,2008-11-30,PNG-CD,2.27,False,False,False,False
Romania,2012-12-09,PSD,58.63,False,False,False,False
Romania,2012-12-09,PD-L,16.51,False,False,False,False
Romania,2012-12-09,PP-DD,13.99,True,False,False,False
Romania,2012-12-09,UDMR,5.13,False,False,False,False
Romania,2012-12-09,PRM,1.25,True,True,False,True
Romania,2016-12-11,PSD,45.48,False,False,False,False
Romania,2016-12-11,PNL,20.04,False,False,False,False
Romania,2016-12-11,USR,8.87,False,False,False,False
Romania,2016-12-11,UDMR,6.19,False,False,False,False
Romania,2016-12-11,ALDE,5.62,False,False,False,False
Romania,2016-12-11,PMP,5.35,False,False,False,False
Romania,2016-12-11,PRU,2.79,True,True,False,True
Romania,2016-12-11,PRM,1.04,True,True,False,True
Slovakia,1998-09-26,HZDS,27.00,False,False,False,False
Slovakia,1998-09-26,SDK,26.33,False,False,False,False
Slovakia,1998-09-26,SDL,14.66,False,False,False,False
Slovakia,1998-09-26,MK,9.12,False,False,False,False
Slovakia,1998-09-26,SNS,9.07,True,True,False,True
Slovakia,1998-09-26,SOP,8.01,False,False,False,False
Slovakia,1998-09-26,KSS,2.79,False,False,True,True
Slovakia,1998-09-26,ZRS,1.30,False,False,False,False
Slovakia,2002-09-21,HZDS,19.50,False,False,False,False
Slovakia,2002-09-21,SDKU-DS,15.09,False,False,False,False
Slovakia,2002-09-21,Smer,13.46,True,False,False,False
Slovakia,2002-09-21,MK,11.16,False,False,False,False
Slovakia,2002-09-21,KDH,8.25,False,False,False,False
Slovakia,2002-09-21,ANO,8.01,True,False,False,False
Slovakia,2002-09-21,KSS,6.32,False,False,True,True
Slovakia,2002-09-21,PSNS,3.65,True,True,False,True
Slovakia,2002-09-21,SNS,3.32,True,True,False,True
Slovakia,2002-09-21,HZD,3.28,False,False,False,False
Slovakia,2002-09-21,SDA,1.79,False,False,False,False
Slovakia,2002-09-21,SDL,1.36,False,False,False,False
Slovakia,2006-06-17,Smer,29.14,False,False,False,False
Slovakia,2006-06-17,SDKU-DS,18.35,False,False,False,False
Slovakia,2006-06-17,SNS,11.73,True,True,False,True
Slovakia,2006-06-17,MK,11.68,False,False,False,False
Slovakia,2006-06-17,HZDS,8.79,False,False,False,False
Slovakia,2006-06-17,KDH,8.31,False,False,False,False
Slovakia,2006-06-17,KSS,3.88,False,False,True,True
Slovakia,2006-06-17,SF,3.47,False,False,False,False
Slovakia,2006-06-17,ANO,1.42,True,False,False,False
Slovakia,2010-06-12,Smer,34.79,False,False,False,False
Slovakia,2010-06-12,SDKU-DS,15.42,False,False,False,False
Slovakia,2010-06-12,SaS,12.14,False,False,False,True
Slovakia,2010-06-12,KDH,8.52,False,False,False,False
Slovakia,2010-06-12,MH,8.12,False,False,False,False
Slovakia,2010-06-12,SNS,5.07,True,True,False,True
Slovakia,2010-06-12,MK,4.33,False,False,False,False
Slovakia,2010-06-12,HZDS,4.32,False,False,False,False
Slovakia,2010-06-12,SDL-05,2.41,False,False,False,False
Slovakia,2010-06-12,LsNS,1.33,False,True,False,True
Slovakia,2012-03-10,Smer,44.41,False,False,False,False
Slovakia,2012-03-10,KDH,8.82,False,False,False,False
Slovakia,2012-03-10,OLaNO,8.55,True,False,False,False
Slovakia,2012-03-10,MH,6.89,False,False,False,False
Slovakia,2012-03-10,SDKU-DS,6.09,False,False,False,False
Slovakia,2012-03-10,SaS,5.88,False,False,False,True
Slovakia,2012-03-10,SNS,4.55,True,True,False,True
Slovakia,2012-03-10,MK,4.28,False,False,False,False
Slovakia,2012-03-10,99%,1.58,False,False,False,False
Slovakia,2012-03-10,LsNS,1.58,False,True,False,True
Slovakia,2012-03-10,ZZ-DS,1.29,False,False,False,False
Slovakia,2012-03-10,ANO,1.22,True,False,False,False
Slovakia,2016-03-06,Smer,28.28,False,False,False,False
Slovakia,2016-03-06,SaS,12.10,False,False,False,True
Slovakia,2016-03-06,OLaNO,11.03,True,False,False,False
Slovakia,2016-03-06,SNS,8.64,True,True,False,True
Slovakia,2016-03-06,LsNS,8.04,False,True,False,True
Slovakia,2016-03-06,SR,6.63,True,True,False,True
Slovakia,2016-03-06,MH,6.50,False,False,False,False
Slovakia,2016-03-06,S,5.61,False,False,False,False
Slovakia,2016-03-06,KDH,4.94,False,False,False,False
Slovakia,2016-03-06,MK,4.05,False,False,False,False
Slovenia,2000-10-15,LDS,36.26,False,False,False,False
Slovenia,2000-10-15,SDS,15.81,False,False,False,False
Slovenia,2000-10-15,ZL-SD,12.08,False,False,False,False
Slovenia,2000-10-15,SLS,9.54,False,False,False,False
Slovenia,2000-10-15,NSI,8.66,False,False,False,False
Slovenia,2000-10-15,DeSUS,5.17,False,False,False,False
Slovenia,2000-10-15,SNS,4.39,True,False,False,True
Slovenia,2000-10-15,SMS,4.34,False,False,False,False
Slovenia,2004-10-03,SDS,29.08,False,False,False,False
Slovenia,2004-10-03,LDS,22.80,False,False,False,False
Slovenia,2004-10-03,ZL-SD,10.17,False,False,False,False
Slovenia,2004-10-03,NSI,9.09,False,False,False,False
Slovenia,2004-10-03,SLS,6.82,False,False,False,False
Slovenia,2004-10-03,SNS,6.27,True,False,False,True
Slovenia,2004-10-03,DeSUS,4.04,False,False,False,False
Slovenia,2004-10-03,AS,3.97,False,False,False,False
Slovenia,2004-10-03,SO,2.62,False,False,False,False
Slovenia,2004-10-03,SMS,2.08,False,False,False,False
Slovenia,2008-09-21,ZL-SD,30.45,False,False,False,False
Slovenia,2008-09-21,SDS,29.26,False,False,False,False
Slovenia,2008-09-21,Zares,9.37,False,False,False,False
Slovenia,2008-09-21,DeSUS,7.45,False,False,False,False
Slovenia,2008-09-21,SNS,5.40,True,False,False,True
Slovenia,2008-09-21,LDS,5.21,False,False,False,False
Slovenia,2008-09-21,SLS,5.21,False,False,False,False
Slovenia,2008-09-21,NSI,3.40,False,False,False,False
Slovenia,2008-09-21,LIPA,1.81,False,False,False,False
Slovenia,2011-12-04,LZJ-PS,28.51,False,False,False,False
Slovenia,2011-12-04,SDS,26.19,False,False,False,False
Slovenia,2011-12-04,ZL-SD,10.52,False,False,False,False
Slovenia,2011-12-04,DL,8.37,False,False,False,False
Slovenia,2011-12-04,DeSUS,6.97,False,False,False,False
Slovenia,2011-12-04,SLS,6.83,False,False,False,False
Slovenia,2011-12-04,NSI,4.88,False,False,False,False
Slovenia,2011-12-04,SNS,1.80,True,False,False,True
Slovenia,2011-12-04,LDS,1.48,False,False,False,False
Slovenia,2011-12-04,TRS,1.22,False,False,False,False
Slovenia,2014-07-13,SMC,34.49,False,False,False,False
Slovenia,2014-07-13,SDS,20.71,False,False,False,False
Slovenia,2014-07-13,DeSUS,10.18,False,False,False,False
Slovenia,2014-07-13,ZL-SD,5.98,False,False,False,False
Slovenia,2014-07-13,ZdLe,5.97,True,False,True,True
Slovenia,2014-07-13,NSI,5.59,False,False,False,False
Slovenia,2014-07-13,ZaAB,4.38,False,False,False,False
Slovenia,2014-07-13,SLS,3.95,False,False,False,False
Slovenia,2014-07-13,LZJ-PS,2.97,False,False,False,False
Slovenia,2014-07-13,SNS,2.20,True,False,False,True
Slovenia,2014-07-13,PSS,1.34,False,False,False,False
Slovenia,2018-06-03,SDS,24.92,False,False,False,False
Slovenia,2018-06-03,LMS,12.60,True,False,False,False
Slovenia,2018-06-03,ZL-SD,9.93,False,False,False,False
Slovenia,2018-06-03,SMC,9.75,False,False,False,False
Slovenia,2018-06-03,L,9.33,False,False,False,False
Slovenia,2018-06-03,NSI,7.16,False,False,False,False
Slovenia,2018-06-03,ZaAB,5.11,False,False,False,False
Slovenia,2018-06-03,DeSUS,4.93,False,False,False,False
Slovenia,2018-06-03,SNS,4.17,True,False,False,True
Slovenia,2018-06-03,SLS,2.62,False,False,False,False
Slovenia,2018-06-03,PSS,2.15,False,False,False,False
Slovenia,2018-06-03,DD,1.52,False,False,False,False
Slovenia,2018-06-03,ZS,1.09,False,False,False,False
Spain,2000-03-12,AP-P,45.24,False,False,False,False
Spain,2000-03-12,PSOE,34.71,False,False,False,False
Spain,2000-03-12,PCE|IU,5.54,False,False,True,True
Spain,2000-03-12,CiU,4.25,False,False,False,False
Spain,2000-03-12,PNV,1.55,False,False,False,False
Spain,2000-03-12,BNG,1.34,False,False,False,False
Spain,2000-03-12,CC,1.09,False,False,False,False
Spain,2000-03-12,PA,0.90,False,False,False,False
Spain,2000-03-12,ERC,0.85,False,False,False,False
Spain,2000-03-12,one-seat,0.52,False,False,False,False
Spain,2000-03-12,EA,0.44,False,False,False,False
Spain,2000-03-12,CA,0.33,False,False,False,False
Spain,2004-03-14,PSOE,43.27,False,False,False,False
Spain,2004-03-14,AP-P,38.31,False,False,False,False
Spain,2004-03-14,PCE|IU,5.04,False,False,True,True
Spain,2004-03-14,CiU,3.28,False,False,False,False
Spain,2004-03-14,ERC,2.56,False,False,False,False
Spain,2004-03-14,PNV,1.65,False,False,False,False
Spain,2004-03-14,CC,0.92,False,False,False,False
Spain,2004-03-14,BNG,0.82,False,False,False,False
Spain,2004-03-14,PA,0.71,False,False,False,False
Spain,2004-03-14,CA,0.37,False,False,False,False
Spain,2004-03-14,EA,0.32,False,False,False,False
Spain,2004-03-14,Bai,0.24,False,False,False,False
Spain,2008-03-09,PSOE,44.36,False,False,False,False
Spain,2008-03-09,AP-P,40.10,False,False,False,False
Spain,2008-03-09,PCE|IU,3.81,False,False,True,True
Spain,2008-03-09,CiU,3.06,False,False,False,False
Spain,2008-03-09,PNV,1.20,False,False,False,False
Spain,2008-03-09,UPyD,1.20,False,False,False,False
Spain,2008-03-09,ERC,1.17,False,False,False,False
Spain,2008-03-09,BNG,0.84,False,False,False,False
Spain,2008-03-09,CC,0.69,False,False,False,False
Spain,2008-03-09,no-seat,0.27,False,False,False,False
Spain,2008-03-09,Bai,0.25,False,False,False,False
Spain,2011-11-20,AP-P,41.90,False,False,False,False
Spain,2011-11-20,PSOE,25.32,False,False,False,False
Spain,2011-11-20,PCE|IU,7.02,False,False,True,True
Spain,2011-11-20,UPyD,4.76,False,False,False,False
Spain,2011-11-20,CiU,4.23,False,False,False,False
Spain,2011-11-20,PSC-PSOE,3.84,False,False,False,False
Spain,2011-11-20,EU,1.41,False,False,False,False
Spain,2011-11-20,PAR,1.41,False,False,False,False
Spain,2011-11-20,EA,1.39,False,False,False,False
Spain,2011-11-20,PNV,1.35,False,False,False,False
Spain,2011-11-20,ERC,1.07,False,False,False,False
Spain,2011-11-20,no-seat,0.90,False,False,False,False
Spain,2011-11-20,BNG,0.77,False,False,False,False
Spain,2011-11-20,CC,0.60,False,False,False,False
Spain,2011-11-20,Bai,0.18,False,False,False,False
Spain,2015-12-20,AP-P,28.72,False,False,False,False
Spain,2015-12-20,PSOE,22.01,False,False,False,False
Spain,2015-12-20,C-PC,13.93,False,False,False,False
Spain,2015-12-20,P,12.67,True,False,True,True
Spain,2015-12-20,ECP,3.69,False,False,False,False
Spain,2015-12-20,PCE|IU,3.67,False,False,True,True
Spain,2015-12-20,C|AV,2.67,False,False,False,False
Spain,2015-12-20,ERC,2.39,False,False,False,False
Spain,2015-12-20,CDC,2.25,False,False,False,False
Spain,2015-12-20,EM,1.63,False,False,False,False
Spain,2015-12-20,PNV,1.20,False,False,False,False
Spain,2015-12-20,PACMA,0.87,False,False,False,False
Spain,2015-12-20,EHB,0.87,False,False,False,False
Spain,2015-12-20,CC,0.33,False,False,False,False
Spain,2016-06-26,AP-P,33.03,False,False,False,False
Spain,2016-06-26,PSOE,22.66,False,False,False,False
Spain,2016-06-26,P,13.37,True,False,True,True
Spain,2016-06-26,C-PC,13.05,False,False,False,False
Spain,2016-06-26,ECP,3.55,False,False,False,False
Spain,2016-06-26,C|AV,2.74,False,False,False,False
Spain,2016-06-26,ERC,2.63,False,False,False,False
Spain,2016-06-26,CDC,2.01,False,False,False,False
Spain,2016-06-26,EM,1.44,False,False,False,False
Spain,2016-06-26,PNV,1.20,False,False,False,False
Spain,2016-06-26,PACMA,1.19,False,False,False,False
Spain,2016-06-26,EHB,0.77,False,False,False,False
Spain,2016-06-26,CC,0.33,False,False,False,False
Spain,2019-04-28,PSOE,28.70,False,False,False,False
Spain,2019-04-28,AP-P,16.70,False,False,False,False
Spain,2019-04-28,C-PC,15.90,False,False,False,False
Spain,2019-04-28,P,12.00,True,False,True,True
Spain,2019-04-28,Vox,10.30,True,True,False,True
Spain,2019-04-28,ERC,3.90,False,False,False,False
Sweden,1998-09-20,SAP,36.38,False,False,False,False
Sweden,1998-09-20,M,22.90,False,False,False,False
Sweden,1998-09-20,V,11.99,False,False,True,True
Sweden,1998-09-20,KD,11.76,False,False,False,False
Sweden,1998-09-20,C,5.12,False,False,False,False
Sweden,1998-09-20,FP,4.71,False,False,False,False
Sweden,1998-09-20,MP,4.49,False,False,False,False
Sweden,1998-09-20,SPI,1.00,False,False,False,False
Sweden,2002-09-15,SAP,39.90,False,False,False,False
Sweden,2002-09-15,M,15.30,False,False,False,False
Sweden,2002-09-15,FP,13.40,False,False,False,False
Sweden,2002-09-15,KD,9.10,False,False,False,False
Sweden,2002-09-15,V,8.40,False,False,True,True
Sweden,2002-09-15,C,6.20,False,False,False,False
Sweden,2002-09-15,MP,4.60,False,False,False,False
Sweden,2002-09-15,SD,1.44,True,True,False,True
Sweden,2006-09-17,SAP,35.20,False,False,False,False
Sweden,2006-09-17,M,26.10,False,False,False,False
Sweden,2006-09-17,C,7.90,False,False,False,False
Sweden,2006-09-17,FP,7.50,False,False,False,False
Sweden,2006-09-17,KD,6.60,False,False,False,False
Sweden,2006-09-17,V,5.80,False,False,True,True
Sweden,2006-09-17,MP,5.20,False,False,False,False
Sweden,2006-09-17,SD,2.90,True,True,False,True
Sweden,2010-09-19,SAP,30.66,False,False,False,False
Sweden,2010-09-19,M,30.06,False,False,False,False
Sweden,2010-09-19,MP,7.34,False,False,False,False
Sweden,2010-09-19,FP,7.06,False,False,False,False
Sweden,2010-09-19,C,6.56,False,False,False,False
Sweden,2010-09-19,SD,5.70,True,True,False,True
Sweden,2010-09-19,KD,5.60,False,False,False,False
Sweden,2010-09-19,V,5.60,False,False,True,True
Sweden,2010-09-19,Pi,0.65,False,False,False,False
Sweden,2014-09-14,SAP,31.01,False,False,False,False
Sweden,2014-09-14,M,23.33,False,False,False,False
Sweden,2014-09-14,SD,12.86,True,True,False,True
Sweden,2014-09-14,MP,6.89,False,False,False,False
Sweden,2014-09-14,C,6.11,False,False,False,False
Sweden,2014-09-14,V,5.72,False,False,True,True
Sweden,2014-09-14,FP,5.42,False,False,False,False
Sweden,2014-09-14,KD,4.57,False,False,False,False
Sweden,2014-09-14,Fi,3.12,False,False,False,False
Sweden,2018-09-09,SAP,28.26,False,False,False,False
Sweden,2018-09-09,M,19.84,False,False,False,False
Sweden,2018-09-09,SD,17.53,True,True,False,True
Sweden,2018-09-09,C,8.61,False,False,False,False
Sweden,2018-09-09,V,8.00,False,False,True,True
Sweden,2018-09-09,KD,6.32,False,False,False,False
Sweden,2018-09-09,FP,5.49,False,False,False,False
Sweden,2018-09-09,MP,4.41,False,False,False,False
United Kingdom,2001-06-07,Lab,40.70,False,False,False,False
United Kingdom,2001-06-07,Con,31.70,False,False,False,True
United Kingdom,2001-06-07,Lib,18.30,False,False,False,False
United Kingdom,2001-06-07,SNP,1.80,False,False,False,False
United Kingdom,2001-06-07,UKIP,1.50,True,True,False,True
United Kingdom,2001-06-07,UUP,0.80,False,False,False,False
United Kingdom,2001-06-07,Plaid,0.70,False,False,False,False
United Kingdom,2001-06-07,SF,0.70,False,False,False,False
United Kingdom,2001-06-07,DUP,0.70,False,False,False,True
United Kingdom,2001-06-07,SDLP,0.60,False,False,False,False
United Kingdom,2005-05-05,Lab,35.20,False,False,False,False
United Kingdom,2005-05-05,Con,32.40,False,False,False,True
United Kingdom,2005-05-05,Lib,22.00,False,False,False,False
United Kingdom,2005-05-05,UKIP,2.20,True,True,False,True
United Kingdom,2005-05-05,SNP,1.50,False,False,False,False
United Kingdom,2005-05-05,GP,1.00,False,False,False,False
United Kingdom,2005-05-05,DUP,0.90,False,False,False,True
United Kingdom,2005-05-05,SF,0.60,False,False,False,False
United Kingdom,2005-05-05,Plaid,0.60,False,False,False,False
United Kingdom,2005-05-05,SDLP,0.50,False,False,False,False
United Kingdom,2005-05-05,UUP,0.50,False,False,False,False
United Kingdom,2005-05-05,R,0.30,False,False,False,False
United Kingdom,2010-05-06,Con,36.10,False,False,False,True
United Kingdom,2010-05-06,Lab,29.00,False,False,False,False
United Kingdom,2010-05-06,Lib,23.00,False,False,False,False
United Kingdom,2010-05-06,UKIP,3.10,True,True,False,True
United Kingdom,2010-05-06,BNP,1.90,False,False,False,False
United Kingdom,2010-05-06,SNP,1.70,False,False,False,False
United Kingdom,2010-05-06,GP,1.00,False,False,False,False
United Kingdom,2010-05-06,SF,0.60,False,False,False,False
United Kingdom,2010-05-06,DUP,0.60,False,False,False,True
United Kingdom,2010-05-06,Plaid,0.60,False,False,False,False
United Kingdom,2010-05-06,SDLP,0.40,False,False,False,False
United Kingdom,2010-05-06,one-seat,0.14,False,False,False,False
United Kingdom,2015-05-07,Con,36.93,False,False,False,True
United Kingdom,2015-05-07,Lab,30.46,False,False,False,False
United Kingdom,2015-05-07,UKIP,12.65,True,True,False,True
United Kingdom,2015-05-07,Lib,7.87,False,False,False,False
United Kingdom,2015-05-07,SNP,4.74,False,False,False,False
United Kingdom,2015-05-07,GP,3.77,False,False,False,False
United Kingdom,2015-05-07,DUP,0.60,False,False,False,True
United Kingdom,2015-05-07,Plaid,0.59,False,False,False,False
United Kingdom,2015-05-07,SF,0.57,False,False,False,False
United Kingdom,2015-05-07,one-seat,0.54,False,False,False,False
United Kingdom,2015-05-07,UUP,0.37,False,False,False,False
United Kingdom,2015-05-07,SDLP,0.33,False,False,False,False
United Kingdom,2015-05-07,CP,0.20,False,False,False,False
United Kingdom,2017-06-08,Con,42.45,False,False,False,True
United Kingdom,2017-06-08,Lab,39.99,False,False,False,False
United Kingdom,2017-06-08,Lib,7.37,False,False,False,False
United Kingdom,2017-06-08,SNP,3.00,False,False,False,False
United Kingdom,2017-06-08,UKIP,1.80,True,True,False,True
United Kingdom,2017-06-08,GP,1.63,False,False,False,False
United Kingdom,2017-06-08,DUP,0.90,False,False,False,True
United Kingdom,2017-06-08,SF,0.70,False,False,False,False
United Kingdom,2017-06-08,one-seat,0.58,False,False,False,False
United Kingdom,2017-06-08,Plaid,0.50,False,False,False,False
